{"cameraMode":{"drawMode":0,"name":"Shaded","section":"Shading Mode"},"sceneLighting":false,"audioPlay":false,"sceneViewState":{"showFog":true,"showMaterialUpdate":false,"showSkybox":true,"showFlares":true,"showImageEffects":true,"showParticleSystems":true},"in2DMode":false,"pivot":{"x":-0.12599998712539674,"y":3.066999912261963,"z":-15.699999809265137},"rotation":{"x":-0.009697499684989453,"y":-0.7750025987625122,"z":0.011848031543195248,"w":-0.6318537592887878},"size":2.8578855991363527,"orthographic":false}