{"cameraMode":{"drawMode":0,"name":"Shaded","section":"Shading Mode"},"sceneLighting":true,"audioPlay":false,"sceneViewState":{"showFog":true,"showMaterialUpdate":false,"showSkybox":true,"showFlares":true,"showImageEffects":true,"showParticleSystems":true},"in2DMode":false,"pivot":{"x":194.1749725341797,"y":142.2244110107422,"z":1.614962100982666},"rotation":{"x":0.005690142512321472,"y":-0.0069024935364723209,"z":-0.00003921996903955005,"w":-0.999960720539093},"size":435.01654052734377,"orthographic":false}