{"cameraMode":{"drawMode":0,"name":"Shaded","section":"Shading Mode"},"sceneLighting":false,"audioPlay":false,"sceneViewState":{"showFog":true,"showMaterialUpdate":false,"showSkybox":true,"showFlares":true,"showImageEffects":true,"showParticleSystems":true},"in2DMode":false,"pivot":{"x":4.76837158203125e-7,"y":6.952027797698975,"z":34.175209045410159},"rotation":{"x":-0.06476327031850815,"y":0.008079806342720986,"z":-0.0005251012626104057,"w":-0.9978801608085632},"size":57.39603805541992,"orthographic":false}